Country,Year,HDI_rank,HDI_value,Detection_rate,Number_of_cases
Norway,1999,1,0.849,213,87 [77-99]
Norway,2000,1,0.917,221,87 [77-99]
Norway,2010,1,0.940,297,87 [77-99]
Norway,2011,1,0.941,324,87 [77-99]
Australia,1999,2,0.865,1073,87 [77-99]
Australia,2000,2,0.898,1043,87 [77-99]
Australia,2010,2,0.927,1257,87 [77-99]
Australia,2011,2,0.930,1239,87 [77-99]
Australia,2012,2,0.932,1305,87 [77-99]
Switzerland,1999,3,0.831,724,87 [77-99]
Switzerland,2000,3,0.888,577,87 [77-99]
Switzerland,2010,3,0.924,508,87 [77-99]
Switzerland,2011,3,0.925,524,87 [77-99]
Switzerland,2012,3,0.927,416,87 [77-99]
Denmark,1999,4,0.799,587,87 [77-99]
Denmark,2000,4,0.862,587,87 [77-99]
Denmark,2010,4,0.908,313,87 [77-99]
Denmark,2011,4,0.920,359,87 [77-99]
Netherlands,1999,5,0.829,1398,87 [77-99]
Netherlands,2000,5,0.877,1244,87 [77-99]
Netherlands,2010,5,0.909,1046,87 [77-99]
Netherlands,2011,5,0.919,981,87 [77-99]
Netherlands,2012,5,0.920,920,87 [77-99]
Germany,1999,6,0.801,9974,87 [77-99]
Germany,2000,6,0.855,9064,87 [77-99]
Germany,2010,6,0.906,4059,87 [77-99]
Germany,2011,6,0.911,4089,87 [77-99]
Germany,2012,6,0.915,4043,87 [77-99]
Ireland,1999,6,0.770,455,87 [77-99]
Ireland,2000,6,0.861,386,87 [77-99]
Ireland,2010,6,0.908,396,87 [77-99]
Ireland,2011,6,0.909,398,87 [77-99]
Ireland,2012,6,0.910,341,87 [77-99]
Canada,1999,9,0.849,1820,87 [77-99]
Canada,2000,9,0.867,1723,87 [77-99]
Canada,2010,9,0.903,1361,87 [77-99]
Canada,2011,9,0.909,1430,87 [77-99]
Canada,2012,9,0.910,1653,100 [91-120]
New Zealand,1999,9,0.820,447,87 [77-99]
New Zealand,2000,9,0.874,344,87 [77-99]
New Zealand,2010,9,0.905,301,87 [77-99]
New Zealand,2011,9,0.907,305,87 [77-99]
New Zealand,2012,9,0.909,293,87 [77-99]
Singapore,1999,11,0.718,1805,87 [77-99]
Singapore,2000,11,0.819,1728,87 [77-99]
Singapore,2010,11,0.897,1560,87 [77-99]
Singapore,2011,11,0.903,1641,87 [77-99]
Singapore,2012,11,0.905,2301,87 [77-99]
Sweden,1999,14,0.815,479,87 [77-99]
Sweden,2000,14,0.897,417,87 [77-99]
Sweden,2010,14,0.901,623,87 [77-99]
Sweden,2011,14,0.903,544,87 [77-99]
Sweden,2012,14,0.904,593,87 [77-99]
United Kingdom,1999,14,0.773,6183,89 [84-95]
United Kingdom,2000,14,0.865,6220,89 [84-95]
United Kingdom,2010,14,0.906,7907,89 [84-95]
United Kingdom,2011,14,0.901,8439,89 [84-95]
United Kingdom,2012,14,0.901,8269,88 [82-94]
Iceland,1999,16,0.802,10,87 [77-99]
Iceland,2000,16,0.859,13,87 [77-99]
Iceland,2010,16,0.892,22,87 [77-99]
Iceland,2011,16,0.896,8,87 [77-99]
Iceland,2012,16,0.897,10,87 [77-99]
Israel,1999,18,0.785,522,87 [77-99]
Israel,2000,18,0.850,537,87 [77-99]
Israel,2010,18,0.883,340,87 [77-99]
Israel,2011,18,0.888,412,87 [77-99]
Israel,2012,18,0.890,506,87 [77-99]
Luxembourg,1999,19,0.779,37,87 [77-99]
Luxembourg,2000,19,0.851,44,87 [77-99]
Luxembourg,2010,19,0.886,29,87 [77-99]
Luxembourg,2011,19,0.888,25,87 [77-99]
Luxembourg,2012,19,0.888,45,130 [120-150]
Japan,1999,20,0.814,40800,87 [77-99]
Japan,2000,20,0.857,39384,87 [77-99]
Japan,2010,20,0.884,22693,87 [77-99]
Japan,2011,20,0.886,22119,87 [77-99]
Japan,2012,20,0.888,20857,86 [76-98]
Belgium,1999,21,0.806,1124,87 [77-99]
Belgium,2000,21,0.874,1278,87 [77-99]
Belgium,2010,21,0.883,1028,87 [77-99]
Belgium,2011,21,0.886,985,87 [77-99]
Belgium,2012,21,0.889,909,85 [75-97]
France,1999,22,0.779,6052,80 [75-85]
France,2000,22,0.848,6122,80 [75-85]
France,2010,22,0.881,4801,80 [75-85]
France,2011,22,0.884,4681,80 [75-85]
Austria,1999,23,0.794,1085,87 [77-99]
Austria,2000,23,0.836,1185,87 [77-99]
Austria,2010,23,0.879,659,87 [77-99]
Austria,2011,23,0.881,671,87 [77-99]
Austria,2012,23,0.884,620,93 [82-110]
Finland,1999,24,0.783,565,87 [77-99]
Finland,2000,24,0.857,527,87 [77-99]
Finland,2010,24,0.878,312,87 [77-99]
Finland,2011,24,0.881,312,87 [77-99]
Finland,2012,24,0.882,261,87 [77-99]
Slovenia,1999,25,0.766,423,87 [77-99]
Slovenia,2000,25,0.824,368,87 [77-99]
Slovenia,2010,25,0.876,169,87 [77-99]
Slovenia,2011,25,0.877,181,87 [77-99]
Slovenia,2012,25,0.878,134,87 [77-99]
Spain,1999,26,0.756,8393,87 [77-99]
Spain,2000,26,0.827,7993,87 [77-99]
Spain,2010,26,0.867,6765,87 [77-99]
Spain,2011,26,0.870,6392,87 [77-99]
Spain,2012,26,0.874,5677,87 [77-99]
Italy,1999,27,0.766,4429,87 [77-99]
Italy,2000,27,0.829,3501,87 [77-99]
Italy,2010,27,0.869,3175,87 [77-99]
Italy,2011,27,0.873,3421,87 [77-99]
Czech Republic,1999,28,0.761,1605,87 [77-99]
Czech Republic,2000,28,0.821,1414,87 [77-99]
Czech Republic,2010,28,0.863,627,87 [77-99]
Czech Republic,2011,28,0.866,569,87 [77-99]
Czech Republic,2012,28,0.867,565,99 [88-110]
Greece,1999,29,0.759,936,87 [77-99]
Greece,2000,29,0.799,703,87 [77-99]
Greece,2010,29,0.866,445,87 [77-99]
Greece,2011,29,0.864,454,87 [77-99]
Estonia,1999,30,0.726,754,87 [77-99]
Estonia,2000,30,0.780,791,87 [77-99]
Estonia,2010,30,0.838,283,87 [77-99]
Estonia,2011,30,0.849,296,87 [77-99]
Estonia,2012,30,0.855,259,87 [77-99]
Brunei Darussalam,1999,31,0.782,272,87 [77-99]
Brunei Darussalam,2000,31,0.819,307,87 [77-99]
Brunei Darussalam,2010,31,0.843,237,87 [77-99]
Brunei Darussalam,2011,31,0.847,230,87 [77-99]
Brunei Darussalam,2012,31,0.852,243,87 [77-99]
Cyprus,1999,32,0.733,39,87 [77-99]
Cyprus,2000,32,0.800,33,87 [77-99]
Cyprus,2010,32,0.848,61,87 [77-99]
Cyprus,2011,32,0.852,51,87 [77-99]
Cyprus,2012,32,0.852,63,100 [92-120]
Qatar,1999,32,0.754,259,87 [77-99]
Qatar,2000,32,0.809,279,87 [77-99]
Qatar,2010,32,0.844,580,87 [77-99]
Qatar,2011,32,0.841,553,87 [77-99]
Qatar,2012,32,0.848,728,87 [77-99]
Andorra,1999,34,,10,87 [77-99]
Andorra,2000,34,,12,87 [77-99]
Andorra,2010,34,0.823,7,87 [77-99]
Andorra,2011,34,0.821,3,87 [77-99]
Andorra,2012,34,0.844,9,87 [77-99]
Slovakia,1999,35,0.738,1100,87 [77-99]
Slovakia,2000,35,0.763,1010,87 [77-99]
Slovakia,2010,35,0.827,409,87 [77-99]
Slovakia,2011,35,0.832,378,87 [77-99]
Slovakia,2012,35,0.836,321,87 [77-99]
Poland,1999,36,0.713,12168,87 [77-99]
Poland,2000,36,0.786,10931,87 [77-99]
Poland,2010,36,0.829,7002,87 [77-99]
Poland,2011,36,0.833,7946,87 [77-99]
Poland,2012,36,0.838,7054,87 [77-99]
Lithuania,1999,37,0.730,2800,76 [68-85]
Lithuania,2000,37,0.754,2657,74 [66-83]
Lithuania,2010,37,0.827,1751,79 [69-90]
Lithuania,2011,37,0.831,1748,83 [73-95]
Lithuania,2012,37,0.833,1635,82 [72-93]
Malta,1999,37,0.729,22,87 [77-99]
Malta,2000,37,0.766,16,87 [77-99]
Malta,2010,37,0.824,29,87 [77-99]
Malta,2011,37,0.822,30,87 [77-99]
Malta,2012,37,0.830,42,87 [77-99]
Saudi Arabia,1999,39,0.690,3507,87 [77-99]
Saudi Arabia,2000,39,0.744,3452,87 [77-99]
Saudi Arabia,2010,39,0.805,4465,87 [77-99]
Saudi Arabia,2011,39,0.816,3932,87 [77-99]
Saudi Arabia,2012,39,0.826,3690,87 [77-99]
Argentina,1999,40,0.705,11871,77 [64-95]
Argentina,2000,40,0.762,11767,79 [66-96]
Argentina,2010,40,0.811,7336,67 [56-80]
Argentina,2011,40,0.818,9733,91 [76-110]
Argentina,2012,40,0.831,8758,84 [71-100]
United Arab Emirates,1999,41,0.726,66,19 [14-26]
United Arab Emirates,2000,41,0.797,115,32 [24-44]
United Arab Emirates,2010,41,0.828,131,50 [38-69]
United Arab Emirates,2011,41,0.829,103,50 [38-69]
United Arab Emirates,2012,41,0.831,79,50 [38-69]
Chile,1999,42,0.699,3429,87 [77-99]
Chile,2000,42,0.752,3021,87 [77-99]
Chile,2010,42,0.814,2376,87 [77-99]
Chile,2011,42,0.821,2450,87 [77-99]
Chile,2012,42,0.827,2394,87 [77-99]
Portugal,1999,43,0.710,4599,87 [77-99]
Portugal,2000,43,0.782,4227,87 [77-99]
Portugal,2010,43,0.819,2487,87 [77-99]
Portugal,2011,43,0.825,2406,87 [77-99]
Portugal,2012,43,0.827,2490,89 [79-100]
Hungary,1999,44,0.703,3532,85 [75-97]
Hungary,2000,44,0.769,3073,81 [71-92]
Hungary,2010,44,0.821,1543,90 [79-100]
Hungary,2011,44,0.823,1279,72 [63-82]
Hungary,2012,44,0.823,1159,65 [57-75]
Bahrain,1999,45,0.746,145,87 [77-99]
Bahrain,2000,45,0.794,207,87 [77-99]
Bahrain,2010,45,0.819,246,87 [77-99]
Bahrain,2011,45,0.817,225,87 [77-99]
Bahrain,2012,45,0.819,225,87 [77-99]
Latvia,1999,46,0.692,1891,61 [54-69]
Latvia,2000,46,0.727,1982,69 [61-79]
Latvia,2010,46,0.811,913,87 [78-98]
Latvia,2011,46,0.812,864,87 [78-97]
Latvia,2012,46,0.813,959,87 [80-95]
Croatia,1999,47,0.670,1765,87 [77-99]
Croatia,2000,47,0.749,1630,87 [77-99]
Croatia,2010,47,0.807,688,87 [77-99]
Croatia,2011,47,0.814,619,87 [77-99]
Kuwait,1999,48,0.715,515,87 [77-99]
Kuwait,2000,48,0.804,513,87 [77-99]
Kuwait,2010,48,0.809,957,87 [77-99]
Kuwait,2011,48,0.812,672,87 [77-99]
Kuwait,2012,48,0.815,737,87 [77-99]
Montenegro,2010,49,0.792,110,87 [78-98]
Montenegro,2011,49,0.798,110,87 [78-97]
Montenegro,2012,49,0.798,98,87 [78-97]
Belarus,1999,50,,7339,86 [73-100]
Belarus,2000,50,0.683,6799,81 [68-98]
Belarus,2010,50,0.786,5098,76 [63-96]
Belarus,2011,50,0.793,4697,71 [59-87]
Belarus,2012,50,0.796,4783,72 [60-89]
Russian Federation,1999,50,0.729,134360,74 [64-88]
Russian Federation,2000,50,0.717,140677,75 [65-89]
Russian Federation,2010,50,0.783,125310,83 [71-98]
Russian Federation,2011,50,0.790,112910,81 [69-95]
Russian Federation,2012,50,0.795,105753,81 [70-96]
Oman,1999,52,,249,87 [77-99]
Oman,2000,52,,321,87 [77-99]
Oman,2010,52,0.795,308,87 [77-99]
Oman,2011,52,0.793,337,87 [77-99]
Oman,2012,52,0.793,382,87 [77-99]
Romania,1999,52,0.703,26107,62 [52-76]
Romania,2000,52,0.706,27470,68 [57-82]
Romania,2010,52,0.784,18379,77 [65-94]
Romania,2011,52,0.786,16992,77 [64-93]
Romania,2012,52,0.788,16036,79 [66-95]
Uruguay,1999,52,0.692,627,87 [77-99]
Uruguay,2000,52,0.742,645,87 [77-99]
Uruguay,2010,52,0.780,699,87 [77-99]
Uruguay,2011,52,0.784,817,87 [77-99]
Uruguay,2012,52,0.788,808,87 [77-99]
Bahamas,1999,55,,76,87 [77-99]
Bahamas,2000,55,0.778,82,87 [77-99]
Bahamas,2010,55,0.774,31,87 [77-99]
Bahamas,2011,55,0.778,41,87 [77-99]
Bahamas,2012,55,0.783,32,87 [77-99]
Kazakhstan,1999,56,0.690,24979,44 [38-53]
Kazakhstan,2000,56,0.679,25843,50 [43-60]
Kazakhstan,2010,56,0.766,23399,81 [69-96]
Kazakhstan,2011,56,0.772,25074,81 [69-96]
Kazakhstan,2012,56,0.778,18006,81 [69-96]
Barbados,1999,57,0.716,2,87 [77-99]
Barbados,2000,57,0.753,3,87 [77-99]
Barbados,2010,57,0.780,6,87 [77-99]
Barbados,2012,57,0.793,4,87 [77-99]
Antigua and Barbuda,1999,58,,3,87 [77-99]
Antigua and Barbuda,2000,58,,4,87 [77-99]
Antigua and Barbuda,2010,58,0.782,7,87 [77-99]
Antigua and Barbuda,2011,58,0.778,6,87 [77-99]
Antigua and Barbuda,2012,58,0.781,3,87 [77-99]
Bulgaria,1999,59,0.695,3530,74 [65-85]
Bulgaria,2000,59,0.713,3349,72 [64-83]
Bulgaria,2010,59,0.773,2412,86 [75-98]
Bulgaria,2011,59,0.775,2172,85 [74-97]
Bulgaria,2012,59,0.778,2081,90 [79-100]
Palau,1999,60,,32,75 [62-93]
Palau,2010,60,0.767,19,80 [66-98]
Palau,2011,60,0.770,12,80 [66-98]
Palau,2012,60,0.775,4,80 [66-98]
Panama,1999,60,0.656,1387,98 [81-120]
Panama,2000,60,0.714,1169,81 [68-97]
Panama,2010,60,0.761,1496,85 [76-97]
Panama,2011,60,0.759,1571,88 [78-100]
Panama,2012,60,0.772,1520,84 [75-95]
Malaysia,1999,62,0.641,14908,67 [61-74]
Malaysia,2000,62,0.723,15057,68 [62-75]
Malaysia,2010,62,0.769,18517,80 [74-87]
Malaysia,2011,62,0.772,19808,85 [78-93]
Malaysia,2012,62,0.774,21851,93 [85-100]
Mauritius,1999,63,0.619,154,53 [44-65]
Mauritius,2000,63,0.674,160,55 [46-68]
Mauritius,2010,63,0.756,122,46 [39-56]
Mauritius,2011,63,0.762,114,43 [36-53]
Mauritius,2012,63,0.772,128,49 [41-60]
Seychelles,1999,64,,21,72 [60-88]
Seychelles,2000,64,0.715,20,69 [57-84]
Seychelles,2010,64,0.743,17,61 [51-74]
Seychelles,2011,64,0.752,21,76 [64-92]
Seychelles,2012,64,0.761,20,73 [61-88]
Trinidad and Tobago,1999,64,0.673,159,87 [77-99]
Trinidad and Tobago,2000,64,0.717,198,87 [77-99]
Trinidad and Tobago,2010,64,0.772,219,87 [77-99]
Trinidad and Tobago,2011,64,0.767,224,87 [77-99]
Trinidad and Tobago,2012,64,0.769,274,87 [77-99]
Serbia,2010,66,0.757,2333,87 [77-100]
Serbia,2011,66,0.761,2174,87 [77-100]
Serbia,2012,66,0.762,1872,87 [77-100]
Cuba,1999,67,0.675,1135,73 [61-90]
Cuba,2000,67,0.685,1183,82 [67-100]
Cuba,2010,67,0.778,827,79 [65-99]
Cuba,2011,67,0.776,805,77 [63-97]
Cuba,2012,67,0.772,734,70 [57-88]
Lebanon,1999,67,,679,110 [96-120]
Lebanon,2000,67,,571,100 [90-120]
Lebanon,2010,67,0.756,513,85 [75-97]
Lebanon,2011,67,0.761,496,74 [65-84]
Lebanon,2012,67,0.761,630,86 [76-99]
Costa Rica,1999,69,0.652,851,61 [54-69]
Costa Rica,2000,69,0.704,585,43 [38-49]
Costa Rica,2010,69,0.750,492,75 [67-86]
Costa Rica,2011,69,0.756,514,88 [78-100]
Costa Rica,2012,69,0.761,475,93 [82-110]
Iran (Islamic Republic of),1999,69,0.567,12062,69 [52-94]
Iran (Islamic Republic of),2000,69,0.665,11850,70 [53-96]
Iran (Islamic Republic of),2010,69,0.743,10362,70 [53-96]
Iran (Islamic Republic of),2011,69,0.751,10980,70 [53-96]
Iran (Islamic Republic of),2012,69,0.764,11042,70 [52-97]
Venezuela (Bolivarian Republic of),1999,71,0.635,6598,80 [67-98]
Venezuela (Bolivarian Republic of),2000,71,0.673,6466,77 [64-95]
Venezuela (Bolivarian Republic of),2010,71,0.757,6451,67 [56-81]
Venezuela (Bolivarian Republic of),2011,71,0.761,6282,64 [54-78]
Venezuela (Bolivarian Republic of),2012,71,0.764,6495,65 [55-79]
Turkey,1999,72,0.576,22088,87 [77-99]
Turkey,2000,72,0.653,18038,87 [77-99]
Turkey,2010,72,0.738,15879,87 [77-99]
Turkey,2011,72,0.751,15054,87 [77-99]
Turkey,2012,72,0.756,14139,87 [77-99]
Sri Lanka,1999,73,0.620,7157,58 [48-71]
Sri Lanka,2000,73,0.679,8413,67 [56-83]
Sri Lanka,2010,73,0.738,9934,72 [61-88]
Sri Lanka,2011,73,0.743,10181,73 [62-89]
Sri Lanka,2012,73,0.749,9155,66 [55-80]
Mexico,1999,74,0.648,19802,58 [50-68]
Mexico,2000,74,0.699,18434,58 [50-67]
Mexico,2010,74,0.746,20155,77 [66-89]
Mexico,2011,74,0.748,19857,73 [63-86]
Mexico,2012,74,0.754,20470,75 [64-87]
Brazil,1999,75,0.608,78870,74 [61-90]
Brazil,2000,75,0.683,77899,74 [62-91]
Brazil,2010,75,0.737,74395,82 [69-99]
Brazil,2011,75,0.742,77647,82 [69-99]
Brazil,2012,75,0.746,75122,82 [69-99]
Georgia,1999,76,,4793,38 [34-43]
Georgia,2000,76,0.672,4397,36 [32-41]
Georgia,2010,76,0.735,4678,83 [75-94]
Georgia,2011,76,0.740,4547,83 [74-93]
Georgia,2012,76,0.747,3940,78 [70-88]
Saint Kitts and Nevis,1999,77,,3,87 [77-99]
Saint Kitts and Nevis,2010,77,0.739,2,87 [77-99]
Saint Kitts and Nevis,2011,77,0.741,1,87 [77-99]
Saint Kitts and Nevis,2012,77,0.743,2,87 [77-99]
Azerbaijan,1999,78,,4654,8.1 [6.8-9.9]
Azerbaijan,2000,78,0.640,5187,9.4 [7.9-11]
Azerbaijan,2010,78,0.741,7550,64 [53-77]
Azerbaijan,2011,78,0.742,9146,88 [74-110]
Azerbaijan,2012,78,0.745,6363,72 [60-87]
Grenada,1999,79,,5,110 [93-140]
Grenada,2000,79,,0,0 [0-0]
Grenada,2010,79,0.737,4,93 [78-110]
Grenada,2011,79,0.739,2,46 [39-56]
Grenada,2012,79,0.740,1,23 [19-28]
Jordan,1999,80,0.623,373,90 [80-100]
Jordan,2000,80,0.705,306,80 [70-91]
Jordan,2010,80,0.743,338,83 [74-95]
Jordan,2011,80,0.743,328,81 [72-93]
Jordan,2012,80,0.746,331,82 [72-93]
The former Yugoslav Republic of Macedonia,1999,81,,557,62 [52-76]
The former Yugoslav Republic of Macedonia,2000,81,,641,75 [63-92]
The former Yugoslav Republic of Macedonia,2010,81,0.738,384,87 [75-100]
The former Yugoslav Republic of Macedonia,2011,81,0.742,335,81 [70-94]
The former Yugoslav Republic of Macedonia,2012,81,0.743,346,89 [78-100]
Ukraine,1999,81,0.705,32879,64 [54-77]
Ukraine,2000,81,0.668,32945,62 [52-75]
Ukraine,2010,81,0.732,33857,70 [60-83]
Ukraine,2011,81,0.738,34237,75 [63-90]
Ukraine,2012,81,0.743,40990,96 [81-120]
Algeria,1999,83,0.574,16647,67 [52-92]
Algeria,2000,83,0.640,18572,67 [52-92]
Algeria,2010,83,0.725,22336,67 [51-91]
Algeria,2011,83,0.730,21429,63 [48-87]
Algeria,2012,83,0.732,21880,64 [49-87]
Peru,1999,84,0.613,40345,81 [68-99]
Peru,2000,84,0.677,38661,81 [67-98]
Peru,2010,84,0.718,31073,100 [88-110]
Peru,2011,84,0.722,31241,100 [93-120]
Peru,2012,84,0.728,29760,100 [92-120]
Albania,1999,85,0.624,733,80 [69-95]
Albania,2000,85,0.656,604,81 [69-95]
Albania,2010,85,0.722,431,81 [69-95]
Albania,2011,85,0.728,422,81 [69-95]
Albania,2012,85,0.729,408,81 [69-95]
Armenia,1999,85,0.632,1488,84 [74-95]
Armenia,2000,85,0.648,1333,71 [63-81]
Armenia,2010,85,0.721,1410,76 [65-90]
Armenia,2011,85,0.723,1261,78 [65-94]
Armenia,2012,85,0.728,1213,79 [67-95]
Bosnia and Herzegovina,1999,85,,2923,110 [91-130]
Bosnia and Herzegovina,2000,85,,2476,100 [86-130]
Bosnia and Herzegovina,2010,85,0.710,1321,69 [60-81]
Bosnia and Herzegovina,2011,85,0.724,1360,72 [63-84]
Bosnia and Herzegovina,2012,85,0.726,1409,76 [66-88]
Ecuador,1999,88,0.645,5756,42 [35-51]
Ecuador,2000,88,0.674,6908,52 [43-63]
Ecuador,2010,88,0.717,4832,50 [42-60]
Ecuador,2011,88,0.723,5106,54 [45-66]
Ecuador,2012,88,0.727,5456,60 [50-73]
Saint Lucia,1999,89,,16,80 [71-91]
Saint Lucia,2000,89,0.683,9,49 [43-56]
Saint Lucia,2010,89,0.730,9,73 [65-84]
Saint Lucia,2011,89,0.730,7,76 [67-87]
Saint Lucia,2012,89,0.730,11,180 [160-210]
China,1999,90,0.501,449518,31 [27-37]
China,2000,90,0.588,454372,33 [28-38]
China,2010,90,0.699,908399,86 [76-98]
China,2011,90,0.707,899669,88 [78-100]
China,2012,90,0.718,890645,89 [79-100]
Fiji,1999,90,0.631,192,41 [36-47]
Fiji,2000,90,0.678,144,33 [29-37]
Fiji,2010,90,0.717,189,79 [70-90]
Fiji,2011,90,0.720,215,95 [84-110]
Fiji,2012,90,0.722,210,99 [87-110]
Mongolia,1999,90,0.578,3348,54 [48-60]
Mongolia,2000,90,0.589,3109,51 [46-57]
Mongolia,2010,90,0.695,4458,73 [68-79]
Mongolia,2011,90,0.706,4217,69 [64-74]
Mongolia,2012,90,0.714,4128,66 [62-71]
Thailand,1999,93,0.572,29413,30 [25-36]
Thailand,2000,93,0.648,34187,32 [27-39]
Thailand,2010,93,0.716,67128,79 [66-95]
Thailand,2011,93,0.721,65824,80 [67-97]
Thailand,2012,93,0.723,60304,76 [64-92]
Dominica,2010,94,0.723,8,86 [72-100]
Dominica,2011,94,0.723,2,22 [18-26]
Dominica,2012,94,0.723,7,75 [63-92]
Libya,1999,94,0.679,1615,79 [66-97]
Libya,2000,94,0.731,1341,65 [54-79]
Libya,2011,94,0.711,1518,62 [52-76]
Libya,2012,94,0.745,1549,63 [53-77]
Tunisia,1999,96,0.567,2158,87 [77-100]
Tunisia,2000,96,0.654,2038,86 [76-98]
Tunisia,2010,96,0.714,2368,79 [70-90]
Tunisia,2011,96,0.715,3015,94 [83-110]
Tunisia,2012,96,0.719,3239,96 [84-110]
Colombia,1999,97,0.596,10999,64 [53-78]
Colombia,2000,97,0.654,11630,68 [56-83]
Colombia,2010,97,0.706,11420,71 [60-86]
Colombia,2011,97,0.713,11884,75 [63-91]
Colombia,2012,97,0.715,11424,73 [61-88]
Saint Vincent and the Grenadines,1999,97,,9,32 [27-39]
Saint Vincent and the Grenadines,2000,97,0.674,16,57 [48-70]
Saint Vincent and the Grenadines,2010,97,0.711,15,56 [47-68]
Saint Vincent and the Grenadines,2011,97,0.713,17,64 [54-78]
Saint Vincent and the Grenadines,2012,97,0.715,30,110 [96-140]
Jamaica,1999,99,0.671,115,69 [57-84]
Jamaica,2000,99,0.700,127,75 [63-92]
Jamaica,2010,99,0.727,130,72 [61-88]
Jamaica,2011,99,0.727,105,58 [49-70]
Jamaica,2012,99,0.723,91,50 [42-61]
Tonga,1999,100,0.650,22,78 [64-97]
Tonga,2000,100,0.671,24,88 [70-110]
Tonga,2010,100,0.713,11,63 [54-75]
Tonga,2011,100,0.716,9,55 [47-66]
Tonga,2012,100,0.717,11,73 [62-87]
Belize,1999,101,0.644,104,110 [93-140]
Belize,2000,101,0.683,106,110 [93-140]
Belize,2010,101,0.709,145,120 [98-140]
Belize,2011,101,0.711,74,59 [49-72]
Belize,2012,101,0.716,84,65 [54-79]
Dominican Republic,1999,101,0.596,5767,65 [54-80]
Dominican Republic,2000,101,0.655,5291,61 [51-75]
Dominican Republic,2010,101,0.701,3964,59 [49-71]
Dominican Republic,2011,101,0.704,4309,66 [55-80]
Dominican Republic,2012,101,0.708,4262,67 [56-81]
Suriname,1999,103,,95,23 [16-35]
Suriname,2000,103,,89,22 [15-34]
Suriname,2010,103,0.707,194,79 [57-120]
Suriname,2011,103,0.709,125,54 [41-74]
Suriname,2012,103,0.711,128,58 [44-80]
Maldives,1999,104,,153,80 [66-98]
Maldives,2000,104,0.603,132,80 [66-98]
Maldives,2010,104,0.683,95,80 [66-98]
Maldives,2011,104,0.690,87,80 [66-98]
Maldives,2012,104,0.695,110,80 [66-98]
Samoa,1999,105,0.621,31,72 [60-89]
Samoa,2000,105,0.649,43,110 [82-140]
Samoa,2010,105,0.696,14,45 [37-56]
Samoa,2011,105,0.698,20,62 [51-78]
Samoa,2012,105,0.700,22,66 [55-82]
Botswana,1999,106,0.584,8647,53 [43-69]
Botswana,2000,106,0.561,9292,58 [47-72]
Botswana,2010,106,0.681,7013,71 [64-79]
Botswana,2011,106,0.688,6603,73 [66-82]
Botswana,2012,106,0.691,6161,75 [68-84]
Egypt,1999,108,0.546,11763,68 [58-81]
Egypt,2000,108,0.622,10762,63 [54-75]
Egypt,2010,108,0.681,9260,66 [57-78]
Egypt,2011,108,0.682,8974,65 [56-76]
Egypt,2012,108,0.688,8453,62 [54-73]
Turkmenistan,1999,109,,4092,46 [38-56]
Turkmenistan,2000,109,,4038,43 [36-53]
Turkmenistan,2010,109,0.666,3230,62 [53-74]
Gabon,1999,110,0.620,1598,28 [24-34]
Gabon,2010,110,0.663,3790,51 [43-62]
Gabon,2011,110,0.668,4404,61 [52-74]
Gabon,2012,110,0.673,4929,71 [59-85]
Indonesia,1999,110,0.531,69064,16 [13-21]
Indonesia,2000,110,0.606,84591,20 [16-25]
Indonesia,2010,110,0.665,300659,66 [56-80]
Indonesia,2011,110,0.671,318949,70 [59-85]
Indonesia,2012,110,0.678,328824,72 [61-87]
Paraguay,1999,112,0.579,2115,82 [75-90]
Paraguay,2000,112,0.623,1950,74 [69-81]
Paraguay,2010,112,0.668,2352,79 [73-86]
Paraguay,2011,112,0.671,2372,79 [73-86]
Paraguay,2012,112,0.669,2416,81 [75-88]
Uzbekistan,1999,114,,15080,22 [19-27]
Uzbekistan,2000,114,0.594,15750,22 [19-27]
Uzbekistan,2010,114,0.655,16883,50 [42-60]
Uzbekistan,2011,114,0.661,15345,54 [45-65]
Uzbekistan,2012,114,0.668,14832,66 [56-80]
Philippines,1999,115,0.586,145807,57 [48-70]
Philippines,2000,115,0.623,119914,47 [39-57]
Philippines,2010,115,0.654,166323,65 [54-79]
Philippines,2011,115,0.653,195560,76 [64-92]
Philippines,2012,115,0.657,216627,84 [71-100]
El Salvador,1999,116,0.522,1623,68 [57-83]
El Salvador,2000,116,0.603,1485,68 [56-83]
El Salvador,2010,116,0.653,1700,96 [83-110]
El Salvador,2011,116,0.658,1896,110 [98-130]
El Salvador,2012,116,0.662,2053,130 [110-150]
South Africa,1999,116,0.621,148164,70 [58-86]
South Africa,2000,116,0.632,151239,59 [49-72]
South Africa,2010,116,0.643,354786,70 [59-85]
South Africa,2011,116,0.651,362453,70 [59-85]
South Africa,2012,116,0.659,323664,62 [52-75]
Viet Nam,1999,116,0.475,88879,55 [42-77]
Viet Nam,2000,116,0.575,89792,56 [43-78]
Viet Nam,2010,116,0.653,97448,70 [54-95]
Viet Nam,2011,116,0.657,98804,73 [56-98]
Viet Nam,2012,116,0.660,102112,76 [59-100]
Bolivia (Plurinational State of),1999,119,0.536,9863,62 [52-76]
Bolivia (Plurinational State of),2000,119,0.603,10127,65 [54-79]
Bolivia (Plurinational State of),2010,119,0.641,8363,61 [51-74]
Bolivia (Plurinational State of),2011,119,0.647,8521,63 [53-76]
Bolivia (Plurinational State of),2012,119,0.654,8257,62 [52-75]
Kyrgyzstan,1999,120,0.615,6376,55 [46-67]
Kyrgyzstan,2000,120,0.593,6205,50 [42-61]
Kyrgyzstan,2010,120,0.634,5652,75 [63-91]
Kyrgyzstan,2011,120,0.639,5980,78 [66-95]
Kyrgyzstan,2012,120,0.645,6195,80 [67-97]
Iraq,1999,121,0.572,29897,250 [220-290]
Iraq,2000,121,0.606,9697,81 [71-93]
Iraq,2010,121,0.645,9707,69 [61-79]
Iraq,2011,121,0.648,8837,62 [54-71]
Iraq,2012,121,0.654,8664,59 [52-68]
Cabo Verde,2010,122,0.629,356,50 [42-60]
Cabo Verde,2011,122,0.637,380,53 [45-65]
Cabo Verde,2012,122,0.639,420,59 [49-72]
Micronesia (Federated States of),2000,123,0.603,91,30 [23-42]
Micronesia (Federated States of),2010,123,0.638,164,77 [43-180]
Micronesia (Federated States of),2011,123,0.640,148,72 [40-170]
Micronesia (Federated States of),2012,123,0.641,144,72 [40-170]
Guyana,1999,124,0.542,407,55 [46-68]
Guyana,2000,124,0.602,422,54 [45-67]
Guyana,2010,124,0.624,712,82 [68-99]
Guyana,2011,124,0.630,710,82 [68-99]
Guyana,2012,124,0.629,748,86 [72-100]
Nicaragua,1999,125,0.495,2558,72 [60-88]
Nicaragua,2000,125,0.565,2402,70 [58-85]
Nicaragua,2010,125,0.619,2448,100 [86-120]
Nicaragua,2011,125,0.623,2693,110 [98-130]
Nicaragua,2012,125,0.625,2790,120 [110-140]
Morocco,1999,126,0.457,29854,86 [75-100]
Morocco,2000,126,0.528,28852,86 [76-98]
Morocco,2010,126,0.611,28359,89 [79-100]
Morocco,2011,126,0.621,28640,87 [77-99]
Morocco,2012,126,0.623,28635,86 [75-98]
Namibia,1999,126,0.578,10035,43 [35-54]
Namibia,2000,126,0.556,10799,40 [33-51]
Namibia,2010,126,0.610,11281,60 [48-75]
Namibia,2011,126,0.616,10806,67 [55-85]
Namibia,2012,126,0.620,10003,68 [55-84]
Guatemala,1999,128,0.483,2820,38 [31-46]
Guatemala,2000,128,0.552,2913,38 [32-47]
Guatemala,2010,128,0.611,3322,38 [32-46]
Guatemala,2011,128,0.617,3040,34 [28-41]
Guatemala,2012,128,0.624,3442,38 [32-46]
Tajikistan,1999,129,0.616,2553,20 [17-24]
Tajikistan,2000,129,0.535,2779,20 [17-25]
Tajikistan,2010,129,0.608,6994,71 [60-86]
Tajikistan,2011,129,0.612,7035,76 [64-93]
Tajikistan,2012,129,0.617,6508,75 [63-91]
India,1999,130,0.428,1218743,55 [49-61]
India,2000,130,0.496,1115718,49 [45-55]
India,2010,130,0.586,1339866,60 [54-66]
India,2011,130,0.597,1323949,60 [54-66]
India,2012,130,0.600,1289836,59 [54-66]
Honduras,1999,131,0.507,4568,65 [45-100]
Honduras,2000,131,0.557,6406,90 [63-140]
Honduras,2010,131,0.610,2876,70 [49-110]
Honduras,2011,131,0.612,3233,77 [54-120]
Honduras,2012,131,0.607,3014,70 [49-110]
Bhutan,1999,132,,1174,50 [43-58]
Bhutan,2000,132,,1140,50 [44-59]
Bhutan,2010,132,0.573,1311,89 [77-100]
Bhutan,2011,132,0.582,1235,88 [76-100]
Bhutan,2012,132,0.589,1130,85 [73-99]
Timor-Leste,2011,133,0.611,4386,80 [67-98]
Timor-Leste,2012,133,0.604,3828,69 [58-84]
Syrian Arab Republic,1999,134,0.553,5447,93 [81-110]
Syrian Arab Republic,2000,134,0.586,5090,89 [77-100]
Syrian Arab Republic,2010,134,0.639,3666,86 [72-100]
Syrian Arab Republic,2011,134,0.635,3620,88 [74-110]
Syrian Arab Republic,2012,134,0.623,3003,77 [65-93]
Vanuatu,1999,134,,120,75 [62-93]
Vanuatu,2000,134,,152,75 [62-93]
Vanuatu,2010,134,0.589,116,71 [59-86]
Vanuatu,2011,134,0.590,110,68 [57-83]
Vanuatu,2012,134,0.590,125,78 [66-95]
Congo,1999,136,0.534,5023,51 [42-62]
Congo,2000,136,0.489,9239,84 [72-99]
Congo,2010,136,0.554,10150,63 [53-77]
Congo,2011,136,0.560,10975,67 [56-82]
Congo,2012,136,0.575,11303,68 [57-84]
Kiribati,1999,137,,255,71 [59-86]
Kiribati,2000,137,,252,82 [67-100]
Kiribati,2010,137,0.588,286,80 [66-98]
Kiribati,2011,137,0.585,343,80 [66-98]
Kiribati,2012,137,0.587,346,80 [66-98]
Equatorial Guinea,2010,138,0.591,820,87 [77-99]
Equatorial Guinea,2011,138,0.590,883,87 [77-99]
Zambia,1999,139,0.403,45240,62 [58-67]
Zambia,2000,139,0.433,49806,69 [64-75]
Zambia,2010,139,0.555,44154,72 [66-80]
Zambia,2011,139,0.565,43583,72 [65-80]
Zambia,2012,139,0.576,40726,68 [62-75]
Ghana,1999,140,0.456,10386,36 [24-58]
Ghana,2000,140,0.485,10933,38 [26-60]
Ghana,2010,140,0.554,14607,70 [62-80]
Ghana,2011,140,0.566,15389,79 [70-90]
Ghana,2012,140,0.572,14753,81 [71-92]
Lao People's Democratic Republic,1999,141,0.397,2420,13 [9-22]
Lao People's Democratic Republic,2000,141,0.462,2227,13 [8.5-20]
Lao People's Democratic Republic,2010,141,0.539,4061,29 [19-46]
Lao People's Democratic Republic,2011,141,0.552,4360,31 [21-51]
Lao People's Democratic Republic,2012,141,0.562,4118,30 [21-49]
Bangladesh,1999,142,0.386,79339,27 [23-33]
Bangladesh,2000,142,0.468,75557,25 [21-31]
Bangladesh,2010,142,0.546,153892,45 [38-55]
Bangladesh,2011,142,0.559,154358,45 [38-55]
Bangladesh,2012,142,0.563,168683,49 [41-59]
Cambodia,1999,143,0.364,19266,28 [23-35]
Cambodia,2000,143,0.419,18891,27 [22-34]
Cambodia,2010,143,0.536,40460,64 [56-75]
Cambodia,2011,143,0.541,38555,62 [54-73]
Cambodia,2012,143,0.546,40185,66 [57-77]
Sao Tome and Principe,1999,143,0.455,96,60 [50-74]
Sao Tome and Principe,2000,143,0.491,97,61 [51-75]
Sao Tome and Principe,2010,143,0.544,121,71 [59-86]
Sao Tome and Principe,2011,143,0.548,136,79 [66-96]
Sao Tome and Principe,2012,143,0.552,115,66 [55-80]
Kenya,1999,145,0.473,57266,73 [68-78]
Kenya,2000,145,0.447,64159,72 [67-77]
Kenya,2010,145,0.529,99272,81 [78-85]
Kenya,2011,145,0.535,97320,80 [77-84]
Kenya,2012,145,0.539,92987,79 [76-83]
Nepal,1999,145,0.384,27356,74 [62-90]
Nepal,2000,145,0.451,29519,78 [65-95]
Nepal,2010,145,0.531,35114,80 [67-97]
Nepal,2011,145,0.536,35434,80 [67-97]
Nepal,2012,145,0.540,35195,78 [66-95]
Pakistan,1999,147,0.399,20936,6.4 [5.4-7.9]
Pakistan,2000,147,0.444,11050,3.3 [2.8-4.1]
Pakistan,2010,147,0.522,264235,66 [55-80]
Pakistan,2011,147,0.527,264934,65 [54-79]
Pakistan,2012,147,0.532,267475,65 [54-78]
Myanmar,1999,148,0.352,19626,10 [8.2-12]
Myanmar,2000,148,0.425,30840,15 [13-19]
Myanmar,2010,148,0.520,131590,66 [57-77]
Myanmar,2011,148,0.524,136737,69 [59-80]
Myanmar,2012,148,0.528,141170,71 [62-83]
Angola,1999,149,,14235,43 [36-53]
Angola,2000,149,0.390,16062,46 [38-56]
Angola,2010,149,0.509,44655,75 [64-89]
Angola,2011,149,0.521,47240,76 [65-90]
Angola,2012,149,0.524,51819,79 [67-94]
Swaziland,1999,150,0.536,4167,58 [48-71]
Swaziland,2000,150,0.496,5877,69 [57-84]
Swaziland,2010,150,0.525,10101,66 [55-80]
Swaziland,2011,150,0.528,8337,52 [44-63]
Swaziland,2012,150,0.529,7165,43 [36-52]
Nigeria,1999,152,,24157,12 [4-160]
Nigeria,2000,152,,25821,12 [3.9-170]
Nigeria,2010,152,0.493,84121,40 [23-82]
Nigeria,2011,152,0.499,86778,45 [26-95]
Nigeria,2012,152,0.505,92818,51 [29-110]
Cameroon,1999,153,0.443,7660,17 [14-20]
Cameroon,2000,153,0.437,5251,11 [8.9-13]
Cameroon,2010,153,0.486,24073,43 [36-52]
Cameroon,2011,153,0.496,24533,48 [40-58]
Cameroon,2012,153,0.501,24802,48 [40-58]
Madagascar,2010,154,0.504,24432,48 [40-58]
Madagascar,2011,154,0.505,26019,50 [42-61]
Madagascar,2012,154,0.507,25782,49 [41-60]
Zimbabwe,1999,155,0.499,50138,59 [47-76]
Zimbabwe,2000,155,0.428,50855,56 [45-71]
Zimbabwe,2010,155,0.461,44209,53 [43-69]
Zimbabwe,2011,155,0.474,38404,48 [38-62]
Zimbabwe,2012,155,0.491,35760,46 [37-60]
Mauritania,1999,156,0.373,3649,51 [43-63]
Mauritania,2000,156,0.442,3067,41 [34-50]
Mauritania,2010,156,0.488,2461,20 [17-25]
Mauritania,2011,156,0.489,1804,14 [12-17]
Mauritania,2012,156,0.498,2616,20 [16-24]
Solomon Islands,1999,156,,289,37 [31-45]
Solomon Islands,2000,156,0.446,302,40 [33-49]
Solomon Islands,2010,156,0.494,338,59 [50-72]
Solomon Islands,2011,156,0.501,398,72 [60-87]
Solomon Islands,2012,156,0.504,361,67 [57-82]
Papua New Guinea,1999,158,0.353,13003,72 [51-110]
Papua New Guinea,2000,158,0.424,10520,56 [40-85]
Papua New Guinea,2010,158,0.493,14531,61 [43-92]
Papua New Guinea,2011,158,0.497,14893,61 [44-93]
Papua New Guinea,2012,158,0.501,20557,82 [59-120]
Comoros,1999,159,,153,74 [62-90]
Comoros,2000,159,,120,58 [49-71]
Comoros,2011,159,0.493,117,49 [41-59]
Comoros,2012,159,0.499,120,49 [41-59]
Yemen,1999,160,0.400,13085,63 [52-77]
Yemen,2000,160,0.441,13651,67 [56-83]
Yemen,2010,160,0.496,8916,80 [67-97]
Yemen,2011,160,0.495,8636,76 [64-92]
Yemen,2012,160,0.496,9867,85 [71-100]
Lesotho,1999,161,0.493,8552,90 [77-100]
Lesotho,2000,161,0.443,9746,95 [84-110]
Lesotho,2010,161,0.472,11674,92 [81-110]
Lesotho,2011,161,0.480,11561,90 [79-100]
Lesotho,2012,161,0.484,10776,83 [73-95]
Togo,1999,162,0.404,1249,38 [32-46]
Togo,2000,162,0.426,1409,40 [34-49]
Togo,2010,162,0.459,2791,61 [51-74]
Togo,2011,162,0.468,2888,61 [51-74]
Togo,2012,162,0.470,2843,59 [49-71]
Haiti,1999,163,0.417,9124,41 [34-50]
Haiti,2000,163,0.442,10420,45 [37-55]
Haiti,2010,163,0.471,14222,62 [52-76]
Haiti,2011,163,0.475,14315,64 [54-78]
Haiti,2012,163,0.479,16568,76 [64-93]
Rwanda,1999,163,0.244,6483,22 [20-24]
Rwanda,2000,163,0.333,6093,22 [20-25]
Rwanda,2010,163,0.453,6703,59 [53-66]
Rwanda,2011,163,0.464,6623,63 [57-71]
Rwanda,2012,163,0.476,6091,62 [56-69]
Uganda,1999,163,0.308,31597,30 [20-51]
Uganda,2000,163,0.393,30372,29 [20-48]
Uganda,2010,163,0.473,42885,60 [50-75]
Uganda,2011,163,0.473,46306,68 [56-84]
Uganda,2012,163,0.476,44663,69 [57-85]
Benin,1999,166,0.344,2636,44 [37-53]
Benin,2000,166,0.392,2697,45 [38-55]
Benin,2010,166,0.468,3756,57 [48-69]
Benin,2011,166,0.473,4212,62 [52-75]
Benin,2012,166,0.475,3966,57 [48-68]
Sudan,1999,167,0.331,26875,55 [46-66]
Sudan,2000,167,0.400,24807,50 [42-61]
Sudan,2010,167,0.465,26131,48 [40-58]
Sudan,2011,167,0.466,19348,46 [38-55]
Sudan,2012,167,0.476,18775,44 [37-54]
Djibouti,1999,168,,4133,94 [83-110]
Djibouti,2000,168,0.365,3971,89 [76-100]
Djibouti,2010,168,0.453,4172,81 [68-98]
Djibouti,2011,168,0.462,3686,70 [59-85]
Djibouti,2012,168,0.465,3474,65 [55-79]
South Sudan,2011,169,0.458,7217,48 [40-58]
South Sudan,2012,169,0.457,8403,53 [45-64]
Senegal,1999,170,0.367,7488,49 [41-60]
Senegal,2000,170,0.380,8508,56 [47-68]
Senegal,2010,170,0.456,11061,63 [52-76]
Senegal,2011,170,0.458,11022,61 [51-74]
Senegal,2012,170,0.461,12265,65 [55-79]
Afghanistan,1999,171,0.297,3314,8.8 [7.3-11]
Afghanistan,2000,171,0.334,7107,18 [15-22]
Afghanistan,2010,171,0.448,28029,52 [44-63]
Afghanistan,2011,171,0.456,27983,51 [43-62]
Afghanistan,2012,171,0.463,29381,52 [44-63]
Malawi,1999,173,0.284,24396,46 [39-55]
Malawi,2000,173,0.340,23604,45 [38-54]
Malawi,2010,173,0.420,21092,64 [59-69]
Malawi,2011,173,0.429,19361,66 [61-71]
Malawi,2012,173,0.433,20335,78 [73-85]
Ethiopia,1999,174,,72095,26 [17-44]
Ethiopia,2000,174,0.284,91101,33 [22-55]
Ethiopia,2010,174,0.412,154694,66 [49-93]
Ethiopia,2011,174,0.423,156539,68 [52-91]
Ethiopia,2012,174,0.429,145323,64 [49-87]
Gambia,1999,175,0.330,1514,57 [48-70]
Gambia,2000,175,0.384,1553,56 [47-69]
Gambia,2010,175,0.441,1989,43 [36-52]
Gambia,2011,175,0.437,2302,48 [40-58]
Gambia,2012,175,0.440,2333,46 [39-56]
Liberia,2000,177,0.359,1500,21 [18-26]
Liberia,2010,177,0.405,6597,57 [48-69]
Liberia,2011,177,0.414,7906,65 [54-79]
Liberia,2012,177,0.419,8093,64 [53-77]
Guinea-Bissau,1999,178,,1164,50 [41-61]
Guinea-Bissau,2000,178,,1273,52 [43-64]
Guinea-Bissau,2010,178,0.413,2183,59 [50-72]
Guinea-Bissau,2011,178,0.417,2063,53 [45-65]
Guinea-Bissau,2012,178,0.417,1939,48 [40-58]
Mali,1999,179,0.233,4466,57 [54-60]
Mali,2000,179,0.313,4216,53 [51-56]
Mali,2010,179,0.409,5291,60 [57-63]
Mali,2011,179,0.415,5428,61 [58-64]
Mali,2012,179,0.414,5446,61 [58-64]
Mozambique,1999,180,0.218,20574,23 [12-54]
Mozambique,2000,180,0.300,21158,23 [13-51]
Mozambique,2010,180,0.401,43558,33 [25-48]
Mozambique,2011,180,0.405,44627,33 [24-48]
Mozambique,2012,180,0.408,47741,34 [25-50]
Sierra Leone,2000,181,0.299,3760,34 [27-46]
Sierra Leone,2010,181,0.388,12859,34 [28-41]
Sierra Leone,2011,181,0.394,12734,32 [27-40]
Sierra Leone,2012,181,0.397,13074,32 [27-40]
Guinea,1999,182,,5171,25 [21-31]
Guinea,2000,182,0.323,5440,27 [22-32]
Guinea,2010,182,0.388,11038,54 [45-66]
Guinea,2011,182,0.399,11359,55 [47-67]
Guinea,2012,182,0.409,11407,56 [47-68]
Burkina Faso,1999,183,,2149,26 [22-31]
Burkina Faso,2000,183,,2331,28 [24-33]
Burkina Faso,2010,183,0.378,4800,54 [46-63]
Burkina Faso,2011,183,0.385,5286,58 [50-68]
Burkina Faso,2012,183,0.393,5210,58 [50-69]
Burundi,1999,184,0.295,6365,32 [28-36]
Burundi,2000,184,0.301,6421,33 [30-38]
Burundi,2010,184,0.390,7611,57 [51-65]
Burundi,2011,184,0.392,6742,51 [45-58]
Burundi,2012,184,0.395,6921,54 [48-62]
Chad,1999,185,,4710,40 [33-48]
Chad,2010,185,0.371,9452,53 [45-65]
Chad,2011,185,0.382,10505,58 [48-70]
Chad,2012,185,0.386,10585,56 [47-68]
Eritrea,1999,186,,6037,96 [69-140]
Eritrea,2000,186,,6652,110 [77-160]
Eritrea,2010,186,0.381,2870,50 [36-75]
Eritrea,2011,186,0.386,3049,53 [38-80]
Eritrea,2012,186,0.390,3143,55 [39-83]
Central African Republic,1999,187,0.314,5003,12 [10-15]
Central African Republic,2010,187,0.362,6643,35 [30-43]
Central African Republic,2011,187,0.368,5611,32 [27-38]
Central African Republic,2012,187,0.373,8084,49 [41-59]
Niger,1999,188,0.214,3900,18 [15-22]
Niger,2000,188,0.257,4701,22 [19-27]
Niger,2010,188,0.326,10130,56 [47-68]
Niger,2011,188,0.333,10510,59 [49-71]
Niger,2012,188,0.342,10989,62 [52-75]
